id,latitude,longitude,temperatura,umidade,rastreamento
344,572.98224,401.79575,41,0.3968771693246804,true
267,437.7802,444.8738,29,0.9111368303477362,false
410,911.3836,607.4692,-9,0.41968642110020227,true
860,88.45967,972.7432,33,0.9220172085413709,false
729,653.6925,690.87714,0,0.6486197889727909,false
57,214.92195,696.7315,42,0.06074243482695718,false
950,750.8079,939.62555,-2,0.6506074251326789,true
884,308.30478,418.11478,-7,0.05981613836651911,false
970,31.519472,958.1499,24,0.31199362394049934,false
870,581.06616,724.762,43,0.8902944763238761,false
46,11.818528,915.42334,23,0.9812111484201512,true
281,217.00061,947.49207,23,0.45319711341218516,false
124,117.845955,722.6581,39,0.041936746854576046,false
899,880.59375,228.06364,-4,0.7736648955015595,true
181,576.38025,816.77997,-2,0.873758726769072,false
480,864.6215,999.5806,13,0.2798952503468163,false
684,476.77432,475.45862,32,0.40738800865503266,false
911,504.90015,430.09247,10,0.9988866651450728,true
980,758.2456,839.47424,13,0.7314438768960262,false
41,741.0936,630.17175,-1,0.7510235794570449,false
198,126.42682,68.20154,28,0.45784579809503434,true
390,952.48425,675.2508,-8,0.6755328122337725,false
22,153.08302,303.99274,34,0.8028422485932883,false
728,447.61264,743.4963,27,0.6688427646250754,true
901,62.901676,371.24133,25,0.5907082119521636,false
499,236.69403,920.0066,23,0.5678768823899157,false
669,961.2613,385.90634,8,0.6371422211333434,true
592,965.7167,468.1093,-8,0.1603121800007129,true
308,506.88583,701.2801,13,0.21939439008187755,true
415,141.128,618.5438,-5,0.3538346306367538,true
772,283.29016,865.77936,-1,0.5901567639327623,false
658,24.01644,177.30682,36,0.08642215710352008,false
167,372.9236,518.5416,-3,0.7422470078625745,false
478,822.69305,502.94476,11,0.8096868416085582,true
625,887.91736,398.60855,34,0.8811167861585251,false
328,62.581062,654.07294,8,0.6273074843114875,true
14,461.34186,893.4763,-1,0.31221623150607847,false
20,262.31854,757.9028,-4,0.4205835548840645,false
837,952.8816,802.7948,-7,0.7002454611867308,true
687,294.9804,900.55884,43,0.5431422406926055,false
20,872.83124,242.99806,19,0.9073247115504447,true
476,63.326897,89.96671,4,0.9168293899695268,true
213,278.32217,868.6447,11,0.8671140251025954,false
126,367.98346,92.092636,35,0.610815807717143,false
67,145.68353,836.25214,-6,0.2019140094158588,true
150,97.459915,191.31679,10,0.23595023170170581,false
143,472.84473,186.40428,38,0.5397787288667689,true
245,118.91312,175.72081,41,0.7363900961035379,true
482,615.6859,569.9142,44,0.7386721217475026,true
747,498.56174,98.071335,37,0.410541209015564,false
939,612.24274,493.8237,2,0.47469901120320124,true
52,930.65717,613.2805,6,0.24333812935893118,true
879,498.67062,513.02026,40,0.9014423037110632,false
570,503.91818,943.1249,19,0.881895691405186,true
990,870.8763,43.253063,44,0.3374370039672614,false
217,184.3354,769.00354,44,0.8365637679475036,false
694,195.72133,721.3289,32,0.18881321359262593,false
644,643.2516,603.5176,10,0.7394158022668242,false
13,625.70575,488.26993,33,0.5641382582354054,true
900,309.62354,441.65115,37,0.7422028199557801,false
233,321.0358,821.2136,-1,0.28849025204308265,true
808,775.37305,742.33594,-8,0.3858040393421376,false
101,532.98346,789.8372,-9,0.2737936240611637,true
856,932.7323,41.180374,10,0.5232052029787695,false
904,952.4445,863.0869,41,0.4524481034176344,false
462,472.48984,745.1444,41,0.12803614382265283,true
463,77.59959,641.9935,-5,0.7312825595689325,true
147,622.04395,909.9416,-2,0.07069853720655472,false
821,604.586,944.35596,-6,0.6728645909690988,false
825,252.16956,50.949036,39,0.1941153000718373,true
758,95.085976,917.07367,7,0.8611975192082806,true
503,731.40424,288.40732,44,0.2711329089410094,false
478,424.73776,101.90886,24,0.15883574903747244,false
525,156.96072,377.69122,-7,0.6756075393049116,false
269,766.2754,630.4609,-7,0.3124497564448977,false
53,841.071,425.4321,28,0.8492069014001902,false
367,111.30416,974.13245,19,0.613872209093299,true
450,181.66924,342.2739,22,0.8959583248746601,true
534,584.6172,924.8705,5,0.5736561609085751,false
608,296.31894,333.0437,44,0.8865748853598234,true
91,54.960014,732.4616,20,0.8141767431726472,true
971,48.291267,975.11804,41,0.704590505427756,true
1,796.1492,574.1645,-8,0.6393075844836335,true
324,343.70035,685.766,8,0.5163354727743396,true
593,202.45074,782.4594,-9,0.9877031360670556,false
9,828.6022,629.25104,38,0.19678346456824491,true
983,812.1259,506.69748,5,0.726718261461028,false
901,364.96277,364.47226,-10,0.293301394147774,true
277,143.04865,734.42883,36,0.49399622980624835,false
728,914.40234,783.9261,9,0.35933348937993015,true
14,94.30301,848.19385,8,0.5437564941154829,true
702,708.622,144.77051,29,0.7400504643784104,true
993,917.6653,143.55528,38,0.3048132968958176,false
869,835.4182,242.77246,-8,0.1419954546652077,true
339,12.877822,984.1562,40,0.6073566409605599,true
182,619.1924,29.919565,-7,0.5687577935393565,true
726,50.620617,519.58105,3,0.7855266305511612,true
585,424.86066,226.47786,14,0.4547057260428018,true
103,177.0866,141.80518,-2,0.11281238532991678,true
191,764.07214,728.2767,20,0.07880950336537484,true
354,304.06778,106.010376,10,0.27730732957593585,false
918,832.63873,860.00134,20,0.5905862595526608,false
321,738.45734,991.5504,44,0.8538510980202442,false
470,858.0862,775.2762,3,0.23019731614661665,true
900,655.0745,928.84607,9,0.9800904641495385,false
512,886.2301,554.31757,12,0.5747300393290435,true
178,166.7192,767.9924,14,0.6934895696673588,false
868,885.6844,799.9397,15,0.8926946493286108,true
47,995.3606,614.8574,-5,0.6363213766544582,true
143,299.20792,782.6929,41,0.9387677862865716,false
747,998.3686,410.4563,36,0.0856710756025536,true
566,420.79614,435.91714,30,0.7708138954435406,false
967,53.691803,479.37924,37,0.5154832442033676,true
223,227.42331,751.4915,37,0.42121570685124876,true
714,57.890656,223.05667,43,0.1476834379130767,false
610,544.34174,377.05945,38,0.5045449544280357,false
395,40.929794,383.64203,40,0.19940592521769607,true
433,672.8447,465.5143,20,0.09360479582650794,false
192,651.6377,554.2931,18,0.7833585987967986,false
204,859.3991,77.52222,23,0.44587498107457446,true
348,517.7385,861.6338,2,0.668356142211749,true
576,235.05324,687.86786,43,0.4123911644030652,false
217,234.36337,996.1775,33,0.3570532954291381,false
780,104.02775,596.40076,20,0.611089444474045,false
639,984.94666,16.492664,0,0.18790866550624497,true
437,710.39417,294.36536,23,0.6966476689840607,true
676,48.413754,602.8928,5,0.41841103750792086,true
126,861.74835,86.89618,3,0.30885435788843474,true
282,696.56665,686.43115,4,0.4965989821590121,true
973,38.784863,522.458,0,0.5315368929795525,true
690,235.57372,628.98236,15,0.9779052757174611,false
268,869.67847,430.01337,19,0.9440798802193221,true
903,195.46944,380.1913,14,0.794357174441359,false
407,98.178925,614.6986,34,0.5975652208000414,true
556,921.57074,287.0711,5,0.833163932475223,false
277,424.32535,512.7891,27,0.4975649835983691,true
578,71.71601,482.03134,15,0.03172289610141288,false
119,846.6865,356.73578,41,0.42561826481934717,true
613,773.2336,25.117577,13,0.4460750639930601,true
99,385.03372,651.0528,-3,0.1814235670794223,false
688,443.5448,226.2435,8,0.9998418114928737,true
252,312.35098,9.839594,6,0.5777775335481301,false
421,528.30884,823.1974,-9,0.8706738101152272,true
485,275.09113,656.71686,2,0.7702917109584193,false
775,661.01556,941.2031,2,0.721243177194218,false
902,930.58167,137.9584,35,0.7539182739628275,true
322,997.932,9.818077,2,0.23181068408722783,true
233,980.48865,49.600124,11,0.10831615367748693,false
558,732.3093,62.948765,21,0.641398588470096,false
347,729.24316,829.30725,34,0.32408871895800906,false
466,41.75627,97.76497,37,0.2546009563863395,false
972,546.3381,913.7811,42,0.29192419247890733,true
461,972.685,418.29425,13,0.12106216624640131,true
393,861.4004,812.48676,27,0.7866703599425366,true
804,15.73658,139.47827,39,0.3446554082852955,true
501,570.9455,898.4829,1,0.02837449371889067,true
977,376.09137,277.471,42,0.7293918493228895,false
462,985.72046,967.1343,6,0.6523197735707527,true
856,192.57057,101.96167,39,0.7190922837857731,false
261,697.54114,863.48987,35,0.6700896398556008,false
430,209.43642,676.30225,29,0.8378519929890188,false
925,994.5307,729.10547,-9,0.25369130970470166,false
782,654.7953,761.22186,31,0.08833050697691114,false
679,703.6651,669.0947,9,0.4247694072830529,true
137,329.51205,507.90857,-4,0.014897192086628652,false
295,589.53217,890.18744,-8,0.9809414080171857,false
553,160.5404,616.23987,-5,0.3886641275659548,false
191,688.2098,610.57776,1,0.24128570633345825,false
712,722.5758,883.94415,23,0.7214373806735186,false
740,205.17058,292.34326,25,0.44301392483746405,false
952,481.93777,322.4727,11,0.06561806163625306,true
899,856.1183,997.21625,44,0.8713585203463433,false
224,766.5876,265.36484,36,0.807084200837348,true
198,779.6627,916.4876,-9,0.0547068204168869,true
113,716.18695,144.88708,3,0.408085030775061,true
451,400.73926,375.8263,32,0.6070132088828909,false
67,716.1045,862.7271,-5,0.3071785139999862,true
220,873.6792,865.7935,24,0.5495200054487847,false
999,69.27711,930.52435,38,0.43324378152753307,true
569,983.83765,898.835,12,0.19381903352447372,true
3,909.83014,806.0184,3,0.04059933038379404,false
711,636.6839,743.5306,28,0.9182845331071285,false
32,612.3654,100.59601,2,0.8222585777263277,false
271,313.2623,336.88425,25,0.41990895840944364,false
42,200.82117,584.0187,-10,0.5083538064625515,true
251,120.9287,925.43427,-9,0.27357299504293286,false
220,510.81128,162.11122,21,0.40675985393811276,false
26,318.269,235.96591,29,0.8807806286506292,true
731,109.349785,253.19331,7,0.5929486605743157,false
213,443.10587,226.60684,36,0.13989115859129875,false
146,225.86691,239.035,-3,0.7061062162914892,false
765,422.5006,719.0879,32,0.4198786681945723,true
789,198.42267,916.1171,24,0.5585427310247308,true
384,293.6554,462.9488,33,0.6696508973431667,true
26,189.02469,122.97827,19,0.015427678927620425,true
695,414.6229,432.47168,-2,0.7449582002649566,false
298,171.95595,969.4296,1,0.8518807735383352,false
521,293.7293,407.12238,19,0.284924273520744,true
258,449.01974,343.41837,13,0.5444500690183462,false
698,416.61667,136.28131,17,0.7202296127419703,false
528,195.60635,621.32166,30,0.20400860981657587,false
952,699.8118,639.04565,6,0.24497904782809132,true
771,791.48987,757.45166,10,0.10710077171513133,false
416,449.7264,439.883,37,0.8342846504339873,true
622,940.25903,178.55334,29,0.532769485641498,false
598,955.9963,790.9185,29,0.639595221896095,false
257,831.2909,159.07663,-4,0.8618957032701413,true
946,98.064896,181.63675,6,0.34380358837241043,true
551,848.17114,603.003,-3,0.1460814969640799,false
36,593.9178,686.7792,43,0.30816299330143637,false
723,577.4689,408.00888,24,0.6031075048788657,false
884,769.8743,953.21875,23,0.5930438065046398,false
550,121.771935,837.7472,21,0.7459966725730783,true
706,980.34247,876.5927,10,0.1845618921915605,true
658,970.88794,578.0269,-9,0.10271502429951218,true
672,56.44345,268.475,37,0.009109609322974777,false
296,935.11914,402.67313,27,0.7335408863299399,false
17,412.41248,64.86988,23,0.5678211814720281,false
660,894.515,624.8492,41,0.0031339585893039867,true
948,688.6811,876.8066,5,0.27300314886841814,true
854,368.01147,759.62054,23,0.31433521736796655,false
152,60.548187,933.8184,19,0.8185615280068348,false
731,156.36038,73.543015,41,0.7607289783326424,true
736,591.34576,721.0856,21,0.16645680128667062,false
828,562.7575,947.05634,35,0.9049985868923827,true
142,259.00555,861.02435,10,0.9812178777764694,false
38,945.0744,225.4638,30,0.14010672986411088,true
640,534.93207,40.10296,10,0.5945466020555437,false
161,603.60034,984.2798,29,0.34033160452607725,false
762,644.0904,31.665684,5,0.8320436318512612,true
161,258.201,384.72623,43,0.759190482896118,true
632,885.2123,115.547005,16,0.28408716456688554,true
956,618.79956,545.15906,2,0.38128155714579703,true
201,640.0289,445.25616,21,0.8528959518166601,false
389,803.0871,604.2063,39,0.18507570084486402,true
349,950.4354,163.51366,35,0.6578074636648295,true
7,605.3682,401.3989,-8,0.023688890386077244,true
225,792.494,316.92148,2,0.6308025895312244,false
448,870.44794,451.07507,44,0.0806671522528194,false
227,426.1816,870.5474,44,0.38430838566061754,true
830,476.46683,135.34015,39,0.10781468362201141,true
571,449.78833,373.20566,29,0.18330965262144538,false
728,680.58936,291.86298,20,0.9020969300083642,false
822,437.8733,74.21404,15,0.10380106879794226,true
277,831.4535,622.28955,1,0.7286494835093086,false
288,291.68338,542.4097,13,0.709610745297668,true
652,702.2858,597.056,17,0.6469241308712307,false
848,680.9424,88.204445,28,0.8296267121716385,true
375,948.59015,782.3816,1,0.9470035184333793,true
55,205.91486,539.4606,0,0.2674574472382002,false
629,444.31485,765.2229,5,0.15311541299278364,false
854,158.65361,171.96936,30,0.5255577115386963,false
777,500.40506,101.97133,-9,0.3013779138878414,true
627,12.3341675,845.312,-7,0.8758509591782615,true
118,219.64752,966.6736,9,0.448806975323524,true
113,17.584682,644.8859,22,0.3588797122396604,true
575,491.71167,424.55835,11,0.6206172887620549,false
792,534.7165,580.8762,39,0.5435148779508645,false
243,382.2959,506.64865,-5,0.6528478769514284,false
131,980.7618,144.95493,39,0.12925539134370223,true
81,920.2836,511.24228,32,0.6373436803836217,false
355,520.2246,775.4875,-2,0.7231495405638865,false
328,536.8157,208.04077,17,0.9261243610949983,false
842,878.45197,532.02985,7,0.3733690674971122,false
508,660.186,870.70905,2,0.902171507743208,false
117,906.52966,529.8959,-2,0.6914672891128183,true
75,220.46577,313.64627,-8,0.9736656531375958,true
388,776.61176,935.57666,20,0.6453527270710789,true
613,67.76315,358.74908,15,0.4987040571894268,false
289,936.5873,573.79346,10,0.3550091259157687,false
2,558.02423,407.94922,-1,0.5975309272292612,true
816,202.99196,446.9651,25,0.472993414454692,true
942,810.28204,47.30606,8,0.059310901997914,false
379,621.07086,717.871,8,0.9817427067166592,true
771,389.25964,858.4356,20,0.8004774340054334,false
31,970.8982,956.2913,36,0.4897216363158785,false
748,417.23282,863.05743,14,0.5816869040151108,false
867,48.460423,700.40576,36,0.35844135158164436,true
24,369.0599,276.43973,23,0.9404101097975376,false
532,100.608826,633.7314,9,0.2423811896122091,true
212,54.28451,495.52585,5,0.546192193879722,false
1,42.788147,928.38153,15,0.8738445875788189,false
146,540.2163,497.521,19,0.43561215324537783,true
321,338.4477,555.42664,-8,0.1747802121858948,true
245,19.898235,74.72223,-2,0.8339735098014628,false
734,669.03986,613.1387,2,0.027599724052310926,true
8,878.8642,581.3725,17,0.5207570088955933,true
359,773.5144,973.89966,16,0.28702338888774936,true
904,464.59537,118.31945,17,0.9458668576441904,true
743,86.212814,800.5564,-9,0.8649847361622438,true
557,312.57993,331.26093,-7,0.5537016758297877,false
793,52.0702,733.00195,9,0.97062555909928,true
259,832.8832,248.35802,20,0.02208130604890446,false
728,248.03012,795.7657,17,0.8374124641411472,true
606,711.1343,832.9972,-9,0.37306105074969076,true
926,689.57996,327.39258,0,0.519406405277936,false
204,527.83563,177.48248,20,0.16266407305881025,true
200,951.3108,482.39374,34,0.5887160016069474,false
969,349.90137,513.43896,3,0.20656374510360753,true
220,980.411,106.54831,14,0.8161665578016459,false
635,298.3311,464.7093,8,0.5487468520923798,true
39,731.9965,36.339523,14,0.1672153250866003,false
354,345.92493,218.52374,11,0.630188951571059,false
650,5.1875114,123.304665,7,0.6951448255399983,false
777,848.94653,540.72577,9,0.8645733996161533,false
737,108.83439,534.08093,2,0.1635651722009489,true
183,566.63983,810.8338,0,0.07808472498406582,false
334,235.80194,126.92869,-3,0.4802567086142596,true
150,172.50674,502.7207,20,0.5203084068690212,true
236,674.71625,955.5126,38,0.2743842802695128,false
435,511.2503,786.6922,39,0.4032674467170755,true
681,238.0817,200.72258,-1,0.19911426040145241,false
253,105.29149,178.74557,21,0.1756276332862473,false
439,535.6737,81.31546,11,0.7916657096637288,false
12,664.7645,412.78964,26,0.9891024650949519,true
475,972.1132,544.1586,10,0.9728269486052091,false
115,604.8976,961.60754,17,0.06408904085290945,true
129,597.5301,784.8573,39,0.5179685275801248,false
304,824.6851,882.34326,22,0.911566112984705,false
735,190.22107,899.5456,13,0.08158413379158824,false
457,250.75769,912.2936,21,0.6182856371919174,true
567,200.20813,218.62465,-1,0.6073906659689096,false
781,900.3561,990.7862,9,0.6522889610099272,true
147,432.6046,123.22623,19,0.20601842778237467,true
798,467.3155,632.9257,9,0.8957791407675142,false
691,599.69415,395.18607,7,0.832323139882498,false
262,684.9662,830.9886,11,0.8623802095303902,true
942,120.62973,401.30585,18,0.34435055030405426,true
163,969.8571,409.24774,21,0.3058151462070967,true
173,797.6583,662.6864,42,0.7759853803748071,false
961,100.20816,8.009613,0,0.6770334205524783,false
877,247.77759,609.91266,14,0.9053153635174964,true
937,932.9983,122.64275,-7,0.1368194544652288,true
921,218.73128,574.87225,5,0.4507419725239701,true
732,413.59448,873.38116,27,0.0809134778117484,false
186,168.24907,319.98862,14,0.47686904717544154,false
463,381.82867,431.68234,16,0.38467561998391,true
849,735.43713,655.6493,38,0.8422004185988545,false
782,928.42914,278.9222,24,0.824324827181681,false
91,983.2262,946.6123,-2,0.7706777943874042,false
75,305.71133,723.2071,42,0.38178379680548724,false
998,540.78253,558.1699,35,0.8790904255582882,true
374,646.43604,350.08527,-4,0.39016093035339816,true
591,24.789036,542.85254,-6,0.2423874244949643,true
639,994.7395,332.93802,-9,0.7269008910887909,true
298,368.50183,118.452965,20,0.3289242474964117,false
380,403.04333,778.833,14,0.5116349243357662,false
800,937.48926,738.15326,34,0.8876744867521497,true
522,98.84894,535.6194,11,0.015761878467461132,true
705,560.959,803.53424,22,0.11943829910099812,true
475,975.3241,136.0473,13,0.7407916879415596,false
910,857.5799,321.25015,3,0.7140785493371095,false
672,909.5867,804.6927,-6,0.8724822489975651,false
41,484.70508,54.148438,18,0.5858161518834459,true
172,662.5931,703.46826,13,0.5678009352800765,false
524,189.90147,967.6176,3,0.38861568114565503,true
93,364.53616,841.5022,16,0.7817420937845632,true
589,793.69293,21.942139,30,0.14369256300315913,false
620,839.6602,325.16574,23,0.5910317907416217,false
645,482.42383,611.44806,43,0.5611732083230583,false
94,274.3985,874.03125,19,0.2217509764728579,true
113,40.147007,201.21843,4,0.8879390060728909,false
492,982.73975,778.54126,38,0.23790842079076246,false
388,898.4452,962.16156,-8,0.3636858572928138,true
300,272.7301,725.1705,-10,0.597994431513531,false
697,133.09003,455.2122,24,0.6172302047561525,true
735,668.0161,164.86162,41,0.5365470131410016,true
355,786.4463,665.44727,29,0.5850928745004331,false
141,988.3363,150.51639,14,0.4777613814051134,false
449,144.52625,936.89746,2,0.7843920938397787,false
680,42.865753,819.32324,12,0.43817405115680286,false
145,847.6019,608.8359,17,0.022076681665816333,false
298,940.32166,945.7021,37,0.6254531360090605,true
541,963.2802,404.32513,32,0.8725309917148153,false
65,269.7353,240.64862,8,0.19032566741613144,true
941,400.94775,871.8035,14,0.5055825524541386,true
936,655.796,323.25858,30,0.3386734151463887,false
292,296.4921,430.49258,-7,0.6969439172105016,true
877,442.67584,540.2132,12,0.26082847131428166,false
408,246.20403,820.4064,33,0.10311970544602456,false
35,510.2372,59.007706,21,0.5850996701469537,false
315,518.7696,7.744193,40,0.1328103413539915,false
617,476.53406,910.70374,-2,0.31256141112473623,false
870,624.25525,846.4475,44,0.9968435526366884,false
281,790.50964,907.9864,33,0.44013569690079235,true
350,868.9954,46.703278,33,0.7686650089773643,true
32,468.7987,614.3084,27,0.728999065397828,true
870,775.2861,251.17386,17,0.5374192301239112,false
910,480.53973,789.90155,10,0.32534542865281657,false
702,494.79193,269.73535,38,0.985652120744568,false
347,34.10393,990.43726,25,0.19053605822340192,false
659,594.5737,773.5054,44,0.9736663588307893,false
768,269.64676,244.11708,6,0.5476681246076984,true
997,844.6409,998.94214,-10,0.9625607489384256,true
706,111.38869,982.97485,27,0.8015927995231509,true
809,885.93646,262.79474,18,0.35798508741732105,true
780,283.53076,654.1714,-7,0.6394145743653359,true
163,907.66046,338.6876,4,0.1066414497548005,false
512,743.7124,687.0633,7,0.26850243861391754,false
621,712.8381,996.11884,14,0.12756338012792512,false
583,37.916183,741.82666,38,0.9990448173757975,true
474,801.038,252.65472,-6,0.41020418386263124,false
991,330.7271,415.41733,29,0.6281790384925435,true
798,347.14908,140.1012,41,0.8613654825196683,false
805,114.85195,830.649,19,0.33272686332368706,false
819,205.11908,35.433533,-3,0.23299746327344695,false
115,853.8051,784.1699,13,0.027567112403295235,true
357,315.56403,857.2656,27,0.7129017960391991,true
546,61.66762,379.12018,23,0.3966768828285042,false
926,146.15291,678.64044,29,0.010368791575591896,false
191,573.82404,318.24982,-10,0.053872291719870735,false
405,43.674767,556.9216,15,0.018779811271100844,false
94,12.586236,283.28036,26,0.5402804437779078,true
5,626.69403,631.56915,10,0.38720624107096324,true
76,701.60706,76.28966,29,0.11557329650533765,true
963,597.7004,790.57983,22,0.5830364053314664,true
773,532.9929,448.9022,5,0.5499952179769761,false
406,603.6599,456.3723,13,0.2776613977822635,true
475,541.01984,795.06586,21,0.3742151416947813,false
499,23.87297,291.90057,-8,0.1372514065491499,false
436,186.35988,133.19623,28,0.29403471852920804,true
890,814.0455,877.7747,-10,0.3506534880662501,true
124,604.72406,53.469658,-10,0.7269836161535612,false
943,785.48016,661.17194,17,0.4764423146759832,true
504,323.82797,556.0471,6,0.6678333734230698,true
353,948.2931,727.3177,-7,0.4411548432951773,false
822,202.58653,956.009,14,0.3400609526547934,false
953,797.5632,194.31978,12,0.7707404075939587,true
426,596.44385,280.7821,0,0.34029304708279695,true
673,671.31934,282.1347,41,0.3872574716384295,true
618,2.7448535,835.8421,0,0.23276287504057092,false
242,559.27216,356.44937,26,0.5528479290455708,true
539,690.05414,864.46936,21,0.8008103318806172,true
430,991.1977,498.2583,38,0.7930209530111846,false
963,65.32949,477.3425,32,0.4124567319942808,false
323,883.87665,399.91766,43,0.8812766479599629,false
397,782.8552,277.74887,10,0.2070856601422566,true
175,475.49814,638.4582,7,0.21710169444301064,true
146,848.84204,358.19446,42,0.06026099309549837,true
675,726.4329,626.93695,41,0.17936761801152268,false
839,225.59976,594.19366,28,0.5337132606196731,false
12,815.2819,794.61066,29,0.2871632254914286,true
608,689.1892,411.0205,-5,0.2675259357941062,false
166,609.1077,796.71027,35,0.25009227897195996,true
177,944.459,449.2028,26,0.5215524735210775,false
297,236.75359,804.5993,-9,0.24006788387773115,true
872,251.37401,804.5398,2,0.8230956648646681,true
626,144.15776,177.09697,4,0.9666346092832212,false
89,66.54173,768.4255,10,0.9278804315488229,true
809,260.56845,63.74657,40,0.38784970508054106,true
381,453.8424,244.25775,19,0.5513512780765439,true
136,154.56569,740.8111,21,0.1387547396331763,true
707,268.0694,265.71606,36,0.5773258163725181,false
909,308.79712,730.7774,33,0.00946862764581946,true
457,365.48645,292.6871,28,0.701035334541938,true
764,892.33264,6.149471,13,0.05493372206027025,true
635,345.2072,210.62123,9,0.7135839662088492,false
814,659.54565,828.31305,35,0.16834578324532368,true
847,575.30396,209.10013,21,0.884857543785493,true
224,854.4262,22.251904,4,0.20029949184004525,true
162,507.5518,965.3971,-9,0.1519132823540431,true
945,249.23218,737.89734,38,0.9556802812654498,false
521,534.71387,808.8117,38,0.06988183199762388,true
80,696.3856,998.8926,23,0.6503342680226915,true
475,894.27496,791.55884,30,0.7324127037009761,false
991,822.5197,589.5529,1,0.6595470036387189,true
934,372.52844,841.99475,44,0.11869440549198051,false
559,743.58264,80.80256,33,0.6403628934327265,false
369,812.9238,425.96072,5,0.5740806143193751,true
240,929.9054,45.870007,-5,0.35977581969984174,false
1,682.5811,392.02542,22,0.3813533403582602,false
169,600.1387,766.5232,-4,0.810822821935961,false
462,200.87714,926.4077,38,0.6296549084276315,false
942,272.96585,980.6251,6,0.44861188579023314,true
360,784.0114,793.3607,2,0.838119228923795,true
342,355.4982,471.79163,24,0.628314955761626,true
354,809.45746,286.79846,17,0.04123438411957925,true
155,897.2585,551.9324,34,0.5771574840963943,true
109,954.205,568.94684,20,0.2929671437942324,false
887,888.6588,737.4567,5,0.4824360555859799,true
325,610.70056,321.79916,16,0.7966812199770791,true
327,732.8798,169.92485,-9,0.5275947376204886,false
441,134.39131,887.1589,29,0.11787989712156932,false
964,770.0568,581.92664,-10,0.958392164583851,true
215,926.77997,321.0491,-6,0.18680491454801829,true
253,982.6793,858.968,36,0.5111898196813006,true
790,607.896,38.271786,6,0.04792242373618416,true
368,261.10995,498.14774,0,0.7853934860323691,true
854,782.0886,972.89685,-5,0.5633273534135999,false
801,858.1298,514.40405,10,0.39207844187874274,true
697,151.05081,430.4626,9,0.5270975936166726,true
735,911.4153,595.1143,31,0.9608303046849559,true
945,977.97614,57.668747,3,0.8976290709001462,true
846,162.85396,553.8273,35,0.3368323150481012,true
292,156.75926,605.34375,27,0.10498307371787596,false
482,253.60442,383.9102,13,0.5502303616975042,true
947,390.14267,410.4671,4,0.6402769672057373,false
118,223.80751,462.8915,20,0.38980727610802135,true
369,230.71837,773.02783,11,0.3841496340378744,false
444,95.85434,708.281,25,0.6629973031271382,false
428,988.6892,653.5012,17,0.3813330115551087,true
426,670.118,735.6477,19,0.47427225378778337,true
466,760.29694,366.7238,1,0.018360562647816936,false
81,912.05457,319.7379,8,0.10393046277387386,false
840,80.823425,197.9488,12,0.8114444603740268,false
544,559.58026,709.4135,8,0.319319795940186,true
785,956.07,116.86355,40,0.261552346146783,false
932,829.6307,597.1928,26,0.20052597191459853,false
811,276.22284,15.348494,40,0.48371506149192445,false
255,352.8081,794.17413,8,0.8125575996464951,false
524,866.00934,144.76114,28,0.567596682596898,false
943,715.0241,911.1245,16,0.3060588904555679,true
391,675.05286,678.52435,4,0.8763577882651762,true
612,235.04216,596.5138,5,0.27858154330235696,false
958,862.3307,575.8019,20,0.7408437151799961,true
453,856.82806,132.27618,17,0.47844687359347815,false
306,778.6426,172.04082,14,0.2561285448274714,false
630,285.61377,438.07935,43,0.1832297065946128,true
906,100.99644,172.16354,38,0.13744641952060466,false
584,746.57996,784.88416,4,0.8348948747962158,true
146,622.81555,972.1895,-6,0.8425412969526989,false
839,995.0657,768.57416,4,0.7636179073602402,false
839,453.8758,485.06857,34,0.4174663756432473,true
34,457.2094,344.43796,44,0.08232113097244376,false
411,633.8775,896.507,6,0.7728644869693145,true
681,629.9285,973.2842,1,0.08395622633619615,true
325,413.55957,26.56746,7,0.3477607084972305,true
512,119.14361,179.97157,15,0.7235645713910552,true
913,707.26025,222.82385,26,0.36789848685702997,true
893,945.15356,75.134514,33,0.01714695938441957,false
307,470.8329,960.85333,36,0.15565030880762065,false
445,994.0679,640.8858,39,0.4393732107662398,true
381,8.821547,577.84503,-4,0.19853455891240146,true
805,744.20197,831.2777,39,0.6521638109274761,true
741,464.80292,815.1083,-10,0.9333692969995098,false
122,646.3429,788.3024,34,0.1461739958947409,true
787,998.80145,95.261215,9,0.4530948545967398,true
869,786.79004,724.2133,40,0.6272122019349754,false
655,405.68335,709.8801,34,0.5932957227449892,true
932,712.0785,270.94858,0,0.22962377056917505,false
689,178.43515,343.39203,36,0.10545380174363128,true
792,544.2909,347.438,2,0.8886710426380514,false
816,270.2351,608.99097,29,0.8739635224845723,false
274,765.8632,845.5737,-8,0.453941634438898,false
713,59.221207,522.3597,13,0.38394069386155316,true
842,302.79236,685.6279,1,0.3758154856841631,false
405,269.86356,88.97722,1,0.8968557870771318,true
725,785.15015,41.896523,13,0.04702240524577206,false
583,854.84705,430.7947,11,0.04102348898216435,false
647,113.81107,789.35175,8,0.1313211887234409,true
445,91.37094,128.06004,34,0.7739791533138343,false
502,712.29944,472.08405,-9,0.4613314303039956,false
563,395.7702,702.07227,23,0.923773929812982,true
408,92.66275,344.31494,39,0.33754967664464464,false
447,610.36676,414.64795,-9,0.7662195502640744,true
938,614.2767,284.7616,12,0.3105805907618021,true
506,766.4556,810.07996,9,0.3451139181392159,true
359,564.48883,635.1353,-10,0.7786149897252482,true
524,577.33264,675.37,-10,0.4924791588923727,false
520,940.0073,263.55392,4,0.9821855358979311,true
573,165.26973,344.51694,-1,0.7558429572102482,false
255,557.9395,403.65027,41,0.2282315804427486,true
948,776.34467,522.6406,36,0.6895946371003049,true
443,375.38846,70.15783,29,0.4255043188162253,false
525,487.0304,55.72444,32,0.21744719110197952,false
417,146.51257,101.75455,11,0.26334352600242317,true
889,156.45152,321.75565,2,0.02303655803939675,true
383,795.9551,131.94597,10,0.6158570833610661,false
95,128.2131,169.04706,-1,0.17568933324988456,true
432,137.54892,38.769783,25,0.003534766008893686,false
691,435.70877,577.51917,2,0.44839015855253284,false
604,817.2043,674.1017,40,0.1943270928262898,false
84,514.8137,468.72574,7,0.034980102550968506,true
358,608.8842,923.3452,-8,0.27622096877852387,false
609,677.8697,340.4025,32,0.6236172561828476,false
474,442.5748,396.28546,14,0.7833430483035206,false
611,852.8672,651.3218,3,0.03353072745036634,false
808,793.1566,299.88937,37,0.7076222737840117,true
736,341.7321,132.2332,20,0.8720994763111298,true
319,309.08286,293.8323,23,0.4780425998123745,true
900,601.62244,448.67218,-9,0.9192868830910366,false
288,809.771,379.53348,-5,0.23951748392588068,false
951,303.14154,891.4169,-2,0.19646276706999966,false
474,30.614435,123.4805,1,0.01341707256427227,true
827,169.374,20.376146,0,0.926643681546938,false
284,744.5192,765.6254,8,0.5717794915640348,true
448,349.65073,437.68842,41,0.8431830157703422,false
540,138.87393,13.631762,14,0.1072375648220576,true
11,331.94922,115.81313,25,0.5539420653169772,false
932,576.8569,573.7559,38,0.030691945759955597,false
441,647.8352,956.39636,28,0.9179731170172859,true
614,121.98877,719.14233,5,0.4787622012885807,true
534,873.8523,505.6916,25,0.6417463582105684,false
143,454.83588,446.31494,12,0.3630470191685118,true
751,683.2653,2.3168921,18,0.5519510976349556,false
167,60.770393,20.6455,25,0.04322462398063531,false
212,952.0642,183.12961,1,0.2519032194939633,true
525,817.6941,961.58014,25,0.956024788669442,false
712,173.13432,523.0002,33,0.11858964857728527,false
658,362.63156,768.4056,30,0.7821038025446349,false
228,682.49915,834.2662,39,0.8473815170096147,true
581,866.0999,937.33606,30,0.9828533878229021,true
683,451.54272,401.64746,3,0.0014467434499281229,true
925,93.159615,70.702614,-3,0.7891750373541582,true
201,449.11676,78.404305,44,0.2728938568760504,false
223,880.0547,129.02492,-1,0.9742508475704936,false
677,827.43933,19.519447,10,0.41267772362287214,false
391,405.34662,126.7488,15,0.9923422671480735,true
638,435.6914,977.68494,18,0.03629909176542456,true
182,884.4501,822.4283,-7,0.3156478875742893,false
365,415.2176,337.87598,44,0.7623284550529903,true
18,566.475,204.13596,-5,0.05125158435169275,true
329,880.2367,316.2921,2,0.3907861728371964,true
113,162.28235,820.88055,7,0.17019214248159986,true
266,937.96924,999.4472,-1,0.07840972817987979,true
76,82.65978,260.81448,43,0.9306859506303755,false
798,552.0873,149.19,-4,0.7178392484703859,true
996,115.52268,327.0128,-5,0.32753347293819013,false
193,3.39365,949.4356,3,0.9777530722583422,true
560,421.04745,711.6029,-3,0.6497413138412602,false
581,951.63605,120.390236,-3,0.7109839427391843,true
904,973.6437,219.029,31,0.4783906817249115,false
984,352.36322,76.04933,3,0.6876476637525412,true
751,829.67017,839.2297,28,0.7067838358104765,true
688,732.72815,50.75127,10,0.8603150296987544,false
261,849.8025,221.51256,29,0.4148994338520755,false
59,580.1457,370.56714,36,0.6182585746609955,true
639,754.9572,349.90524,35,0.6801884172003565,true
693,847.7107,295.3086,40,0.7378052129085779,false
689,644.67975,470.7646,40,0.6567413135563408,true
910,830.282,106.93425,-9,0.9858261596067328,true
82,356.90182,573.4261,31,0.5048584673125787,true
628,915.1396,370.13638,43,0.5833952411613499,true
207,297.97488,974.67316,28,0.003054308772760028,false
288,961.12085,540.8894,34,0.9866468871664065,false
465,621.88513,807.8095,7,0.9245269709813103,true
5,310.1417,348.74026,43,0.691865218856386,true
493,887.55786,467.11404,-5,0.5101244474105011,false
962,685.00946,628.62354,23,0.021835175854123978,true
463,573.15546,308.46036,41,0.6198387109953154,true
2,477.43362,527.9813,8,0.10048720787509291,true
244,76.276955,156.88258,40,0.39485869719095434,false
307,180.14026,264.96942,26,0.4728666743442371,true
622,78.96453,421.8678,13,0.5122138174123835,false
115,966.997,863.5316,33,0.07745911350792078,false
781,406.42297,871.1568,41,0.3640390321906769,false
567,675.0543,541.1224,13,0.5279027847674228,true
221,758.3597,363.83463,-10,0.7434925618096908,false
683,692.4096,674.8604,34,0.9111196979706038,false
262,941.8495,93.49179,40,0.8693579864641398,false
868,505.80054,521.8928,1,0.5588962279143748,false
276,484.6324,142.23724,16,0.8313613592171937,true
269,911.8331,119.752525,6,0.49994490777420497,false
86,757.7494,396.3453,18,0.7882351806562163,false
663,145.7516,42.489468,18,0.5494781197336854,true
640,986.42285,124.316635,23,0.5005600149869536,false
850,431.65643,938.35693,8,0.2433255522018689,false
968,778.08795,768.1349,21,0.03041526118866833,false
63,708.0755,24.834156,26,0.07362614934198486,false
737,46.481194,748.5011,18,0.6898702985547834,true
266,532.7964,966.7672,-10,0.7331261019242818,false
807,460.69205,334.82562,4,0.5703470955584362,false
285,420.86423,813.4077,12,0.32511404481085204,false
532,798.08453,880.76,23,0.234885747236666,true
925,119.653465,920.1332,34,0.7460247195125495,true
347,829.9949,976.0498,27,0.405344097087863,false
595,574.91766,30.627192,5,0.6977422894775941,false
503,619.11053,315.4887,-6,0.726562588301235,true
96,591.7248,945.3037,13,0.036634678310685564,false
310,357.4384,335.75732,0,0.9395258802925296,false
679,444.18454,451.75433,24,0.41635006642815375,false
58,123.767075,920.92487,34,0.04555209969328666,false
27,937.8726,443.00098,-6,0.43140687909506625,false
844,189.53055,727.3979,4,0.29354126921844115,false
194,678.85956,399.3352,0,0.7186084833062074,false
262,751.9784,929.09576,8,0.07231410393451398,true
274,553.24945,659.52515,42,0.7233137550934947,true
205,223.5598,433.63397,24,0.040072293670117554,false
97,671.136,157.17119,43,0.08759505509671306,true
849,456.4271,870.29755,3,0.07301175166365936,true
994,278.87958,547.9919,34,0.8673143492970387,true
263,530.9652,900.5851,3,0.8651197321231302,false
847,393.6156,903.8213,40,0.03514939272984363,true
673,987.2529,652.10474,-8,0.26118754266202027,true
279,163.89621,399.09924,-5,0.9766005715152211,true
929,628.36316,326.60358,-6,0.655069642527543,true
263,210.37436,665.63525,-7,0.9360101496593695,true
280,274.4072,282.9117,-7,0.03522062161720929,true
41,450.43558,741.4275,23,0.6196248810437236,false
664,96.23027,145.58154,34,0.5095413205865102,true
10,160.6838,789.3186,28,0.4127333083718777,true
226,407.664,740.0051,16,0.39156523686646305,false
728,281.187,11.268973,43,0.9179090894707989,true
549,45.24237,904.7889,42,0.18001648434435813,false
933,215.38985,434.02856,5,0.7713915311553445,true
709,714.2873,482.16797,2,0.013770622889817563,true
134,629.5989,491.98984,24,0.9446344698869059,true
108,930.27,37.242413,-8,0.43424957332543723,true
3,5.9467554,583.00104,31,0.9880549849089957,false
512,434.3546,106.813965,4,0.5372818967712193,true
383,952.74164,22.922934,15,0.9240130309365381,false
932,212.03,28.60719,26,0.8464595273021992,false
209,526.1082,74.709114,1,0.7460532302125197,true
221,493.7365,651.65454,-9,0.49002248271763194,false
167,66.82629,977.7917,26,0.7314401568779184,true
197,366.39322,478.62775,2,0.5133025753059169,true
103,306.27377,153.55295,29,0.02401843542495663,false
525,874.73267,40.89582,-7,0.40875750584259496,true
162,745.3794,12.66551,10,0.19442850189185534,true
436,741.3488,557.09155,41,0.19562644466198276,true
33,560.49243,40.080486,14,0.7347098934615205,false
641,84.36436,175.96751,40,0.6312386096996498,false
829,540.0747,83.44656,42,0.6943228927705967,true
886,761.6245,354.32315,-3,0.386005759081786,true
11,806.122,20.739914,3,0.9146197145884832,true
170,220.32243,170.78322,11,0.2641300560046028,false
531,324.22043,232.88733,4,0.5687968881871961,false
245,980.9633,626.2102,-9,0.8020586481629101,true
811,456.1445,557.16284,-3,0.9643597324890262,true
469,134.57263,231.53114,-9,0.8267158606774646,true
445,58.902977,647.13965,31,0.8151302420367507,false
436,482.05615,433.75998,25,0.8055446949575223,true
310,884.1384,914.979,6,0.4398297949634101,false
408,194.61607,680.99713,40,0.07038845049180487,true
891,281.78726,481.83542,2,0.5942677402360862,true
688,124.13126,177.18756,25,0.24724408004792198,false
59,461.90656,812.1625,42,0.8941671784931448,false
212,142.40681,627.4181,44,0.47391834114262366,false
612,818.57294,957.69763,4,0.035659299223184115,true
265,138.19939,524.53546,26,0.23761794448099016,false
378,69.76092,586.90875,16,0.2704773278348328,false
437,550.9252,777.86707,-8,0.9145052167123479,false
656,217.1067,225.68362,-10,0.842881408112733,true
420,569.95544,734.82404,10,0.3432500982214117,true
882,579.4629,385.04297,0,0.34534580888498045,true
364,378.4076,896.1698,12,0.014610224270438898,false
520,404.15143,501.65897,5,0.20003950472587528,true
284,70.33634,875.7335,-1,0.7090698729579918,false
679,809.82043,866.9599,9,0.7231314673651922,false
722,120.23246,405.3516,17,0.6645694165513865,false
465,64.81105,970.60284,41,0.4789519932993028,true
545,533.73505,435.81677,38,0.6063562608240999,true
18,454.94116,934.09485,27,0.8810410540980733,false
978,58.46256,634.6168,11,0.2209886034814087,false
704,244.61174,960.3446,18,0.24711530037667517,true
772,83.87106,831.24426,32,0.9065233762851429,true
70,485.14194,974.9256,23,0.7649847133768094,true
216,109.0433,210.85834,27,0.8809193666846995,false
657,674.23975,884.83154,9,0.07645015514687514,true
637,907.317,307.07944,2,0.9806870549285541,false
815,520.51416,130.50621,3,0.4362131614428699,true
247,766.65765,94.69914,26,0.7318162742221253,true
570,316.93494,456.928,28,0.652829205987809,false
503,434.68158,733.0853,14,0.5250128052231332,false
305,677.1463,79.53143,13,0.2687356982550677,true
431,647.2371,761.06464,-5,0.9772754967280485,true
220,638.541,670.7457,11,0.6863858614570446,false
887,369.4483,794.0631,33,0.8118448673785793,true
195,386.00134,842.93286,19,0.19751984976209813,false
663,128.12883,24.28645,21,0.8385545194714717,false
22,100.2118,53.50542,-3,0.12260437808102709,false
252,64.471306,74.721214,4,0.8666167145813435,false
58,684.45197,108.00606,25,0.5174719626757223,true
334,585.9191,7.737577,-9,0.6318731962106646,true
895,373.77356,686.9295,13,0.1541912023934554,true
104,746.12665,539.0762,31,0.0705426613306731,false
441,480.47037,572.06885,31,0.733199221131174,false
536,731.91345,757.99854,19,0.5214959883790772,false
507,779.74414,498.16638,29,0.5337275597722358,false
813,86.12037,904.3843,33,0.6890907055347196,true
580,289.4761,805.65137,14,0.9595528393656291,true
660,545.2719,3.5546422,35,0.44859556096589803,false
847,448.0077,320.24545,32,0.6871032826244345,false
656,620.9526,409.6048,39,0.8262368204335455,true
707,943.83856,135.2166,37,0.37295252727228567,false
187,303.80206,558.0253,41,0.7358974594197714,true
129,701.14636,222.0639,6,0.1277318853698084,false
260,519.0376,478.39456,37,0.30450022696245393,true
209,775.0367,45.4129,-9,0.21349222137947454,true
855,212.40688,867.9236,21,0.8681062326541242,true
610,160.42734,607.90454,-6,0.671546938376979,false
864,195.48082,776.6333,34,0.9707600563375736,true
701,768.4746,600.85724,-5,0.8378270141995745,false
376,129.18985,204.94759,-5,0.9481126519768149,false
14,74.4471,586.4848,34,0.9527796290935399,true
5,274.51163,164.48068,16,0.927853350709634,true
187,190.95361,387.45004,40,0.3228413937064406,true
699,889.2158,2.8030276,38,0.32898224201094106,true
434,370.43124,109.537,37,0.7405176221288076,false
112,399.57214,42.964397,6,0.19195408151096716,true
584,190.80019,473.22107,41,0.12009871098496094,true
991,725.92816,838.557,10,0.921725071452741,true
370,928.19086,379.92007,21,0.5560451065305053,false
421,391.06293,595.09955,24,0.2757336548823103,true
327,870.6505,888.7064,35,0.2610718537009977,true
251,290.22253,558.5229,29,0.6788467515125275,false
37,576.735,29.262184,29,0.09096417181641314,false
634,251.74438,421.53937,23,0.19730249439748104,true
298,332.8913,126.85752,13,0.6131552371504227,false
351,767.17615,48.67655,-5,0.7536807686985203,true
632,313.5394,565.1351,2,0.9260974010022732,true
103,519.7949,70.75697,16,0.4149329767574028,true
591,197.75635,162.48018,-5,0.6864580607331838,false
520,590.4343,149.60426,40,0.8355019507779047,false
665,246.47194,587.75916,-6,0.051171658274210774,false
231,469.52463,963.7586,4,0.1875635937936131,true
538,94.08003,491.206,38,0.4913786584890464,true
409,254.25226,215.98083,-1,0.16042125217962855,false
589,758.37335,276.24005,3,0.6852832277678607,true
520,659.74585,213.32788,30,0.8610842737260278,true
437,622.70667,687.9943,19,0.9469603385757842,true
881,723.1938,820.58014,15,0.6980618066848754,false
970,394.29538,644.3367,29,0.8981441171896872,true
809,329.80014,837.80176,34,0.5804031522476067,false
571,292.55606,985.16565,21,0.34002822740207905,false
139,939.48584,102.81622,23,0.014016165448825446,true
967,971.394,65.76019,25,0.5321097125450107,true
610,143.24033,869.37695,25,0.9272943836539848,true
996,929.34546,369.9668,-1,0.3351076027028679,false
227,928.02997,261.8156,14,0.3080848619147374,true
867,411.47983,569.004,37,0.9249875083012584,false
904,779.1705,856.9483,44,0.984027312393036,true
961,56.968033,701.66614,18,0.0351232610717227,true
341,999.0688,694.0214,-6,0.12829619186164087,false
850,796.22437,401.7061,26,0.9336272631637288,false
384,871.2406,263.47827,41,0.32277687837450175,false
264,751.5268,348.1813,38,0.5928802850287102,true
230,548.51025,275.32803,7,0.26070715643157616,false
889,145.0225,364.54092,2,0.7582923653970317,true
860,794.29877,257.89743,23,0.4208152932925825,true
588,468.0255,842.23755,6,0.8733259488534117,false
305,955.90686,287.74762,-6,0.29498587361018513,true
86,415.51132,414.64413,-1,0.06781232573581752,true
194,798.69855,401.53635,28,0.0014848613016263945,false
789,339.7159,57.0572,-1,0.666593009052264,false
132,80.091896,490.6075,10,0.3657749440705924,true
330,226.74507,38.56778,-4,0.9255167331609219,true
429,992.26337,729.0888,6,0.8009522644198784,true
692,450.10025,401.581,44,0.9518240888875745,true
256,852.47156,836.279,24,0.5698363450752824,true
679,805.02673,894.7666,-4,0.015950219055510417,true
473,669.90686,724.106,-9,0.260743783670068,false
875,577.5913,535.2199,16,0.7117774922443414,true
240,467.97342,330.4372,8,0.5589774426540406,true
835,652.39514,225.61627,20,0.6723688991278003,false
228,490.90933,689.02246,-7,0.646062148860832,false
693,912.82776,102.13888,7,0.7982140072506209,false
263,673.65137,536.8526,42,0.8087582338166663,true
717,437.76923,538.9621,37,0.2050179280219101,true
637,3.8508177,9.712696,43,0.08988426450032994,false
864,248.64609,985.0713,-9,0.34806531804963237,true
402,654.9463,226.71336,-4,0.06297987095452218,true
908,610.74774,59.19963,25,0.03019027837554611,false
421,19.200027,814.57947,13,0.06284044514140552,true
408,142.70895,578.66504,18,0.25038333181960626,false
561,19.603611,672.4791,-7,0.45395443117801704,false
114,238.06572,447.886,28,0.10006693058904059,true
19,329.5598,528.1731,-7,0.7688748248821652,true
331,552.7894,582.3598,3,0.1640708308233053,true
582,379.24646,86.2661,-3,0.7985559976452482,false
897,562.70703,293.88284,29,0.13333815293077633,false
628,277.56876,819.3421,32,0.9666870080771998,false
245,444.7118,812.7953,-5,0.5863937102575433,true
850,28.60582,702.7631,18,0.570052881518448,false
902,785.67303,873.0304,-2,0.14660602844118942,false
416,671.4589,443.91513,-3,0.716954879303063,false
820,872.9484,535.75104,31,0.4722738407778012,false
339,222.40604,6.6794157,30,0.04572115591159032,false
227,570.4078,677.3529,-7,0.7865684894056719,true
906,548.27014,481.91403,-1,0.5553388929529729,true
601,33.872723,817.6175,-5,0.9043637850437422,true
676,549.9074,604.72314,12,0.13023943477392907,false
378,769.8792,213.79489,9,0.9629841366900561,true
819,284.72037,469.29837,27,0.5912673581729952,true
634,791.66907,396.39795,-8,0.3139024369630473,false
910,907.1045,242.11151,16,0.3548649339623752,false
817,876.3169,572.4893,9,0.2824188348658997,false
310,555.73206,924.2409,10,0.03250314382280606,false
132,176.89812,572.2421,-3,0.7523519189097025,true
557,566.58105,463.6121,18,0.5523906580405156,true
350,693.60547,264.5564,36,0.7827731070995141,false
808,640.61523,767.9345,13,0.635491617196516,true
50,357.71872,617.51105,27,0.713815893378927,true
142,845.02075,419.1151,32,0.707884033179243,false
360,732.3351,829.4342,-6,0.4685910525110527,true
317,576.9067,139.93037,1,0.5814896600413645,true
934,583.7662,206.3725,-6,0.00823898360493902,false
163,868.37463,313.73758,33,0.4852066210805458,false
207,827.5074,711.7399,30,0.14715049543101766,false
238,661.8649,108.00737,-2,0.2784762312608624,true
584,602.6867,363.9288,34,0.18538744470259094,false
252,934.6843,2.4579167,13,0.9293151299912952,true
423,478.89835,907.6629,35,0.06533416538850723,true
216,801.6224,772.57263,2,0.5888439175088369,false
485,49.328148,434.87488,36,0.009611211992743285,false
212,974.5623,229.28238,-9,0.8443437302576117,true
402,414.07675,880.8886,22,0.8472824517235886,false
507,207.99274,265.59354,32,0.9828718367528286,true
338,307.58667,571.68805,41,0.48538703593873445,false
475,609.3271,10.942698,7,0.34746756266109924,true
795,874.0795,248.05397,32,0.2328271293267664,true
498,942.93536,144.06061,2,0.1179798277516162,false
85,344.91016,242.34909,-9,0.9336430091677513,true
761,306.7964,665.1246,6,0.09854752149333723,true
928,121.742905,733.734,11,0.11670649508980424,false
651,810.6755,677.9823,32,0.34376385839164103,false
853,19.457579,257.59418,13,0.6188642248067783,false
103,134.7347,983.2279,11,0.7055562602145624,false
882,672.69,894.95966,42,0.3885617139022206,false
170,97.480896,532.91034,17,0.6328126156294318,false
706,359.9146,817.6986,-6,0.4269797672988025,false
69,611.95886,47.65785,28,0.8057855016529301,true
716,748.9745,115.266624,-4,0.07371433694055862,true
453,659.0949,346.99655,32,0.43730544840338004,false
822,317.96564,78.79138,39,0.09403093884172709,true
779,157.09836,193.64757,39,0.3228345111833222,false
919,455.38098,368.27606,-3,0.2747252381195874,true
223,855.82526,702.58124,18,0.9713915070526763,false
542,493.42178,738.70105,44,0.48562066929592684,false
758,635.01294,615.6118,38,0.39937993405137817,true
670,178.3809,250.80597,4,0.4137346185281475,false
372,835.28955,992.3124,43,0.4193501611997914,true
428,332.0056,142.33315,14,0.4271442809238024,false
537,500.86606,118.03198,19,0.5057267658747505,true
337,707.74536,785.51385,-8,0.27558344392809164,false
301,662.8169,679.7963,16,0.5695326141401185,true
602,295.79144,406.57843,-2,0.5848014514991388,true
647,41.85456,510.8725,18,0.22414065748726075,false
509,580.81384,493.07114,0,0.351715875732061,true
648,799.50586,454.77982,9,0.37408485529980495,false
562,506.30258,64.75252,19,0.89738939813801,true
606,216.59464,149.52791,9,0.20896144236724745,false
453,149.41913,233.86812,5,0.9848632542536473,true
612,427.93835,782.8628,18,0.9344517644972612,false
177,360.2643,730.5672,15,0.05887734890645657,false
666,592.16406,119.30233,26,0.8224979090018475,true
835,869.4689,319.2509,37,0.8145091648433589,true
965,125.55021,349.74313,40,0.412662524470538,false
338,618.01337,281.6323,-3,0.5517622500508695,true
300,878.8007,564.4188,24,0.9467038107366309,true
71,313.18295,392.28885,24,0.023135683767940618,false
72,385.65762,899.99207,44,0.36839727461534566,false
603,464.56372,62.48915,41,0.7312057610051481,true
852,562.2575,661.5609,5,0.47063515036349,true
431,403.98718,578.0741,9,0.8832510646033676,true
909,486.14014,970.3611,-9,0.0218350282854608,true
179,43.328224,607.1754,38,0.459952410514757,true
575,133.81296,737.9451,37,0.9536887021938835,false
619,374.06366,403.55133,31,0.10519852986538636,false
32,205.77979,17.620146,33,0.9422827716991287,true
204,962.4972,381.32108,15,0.7940291299445249,false
346,417.93872,33.92476,19,0.964621823771496,true
475,944.5568,986.87994,6,0.48574633924095756,false
862,888.2561,440.92715,34,0.6625859307159808,true
335,274.07224,43.77544,26,0.21922590299985956,false
924,497.6229,610.1248,-6,0.5963533858609616,false
68,228.43611,996.32635,20,0.3574592461793079,false
363,353.79846,998.7282,-2,0.7193199894176282,false
285,425.55774,727.7656,2,0.938357792631703,false
20,737.35016,899.1082,3,0.6565462006922618,false
108,856.0145,878.6884,13,0.33885085855485364,true
394,158.49304,120.189964,38,0.6187634020529613,true
13,684.30707,841.5864,10,0.7093080545525821,false
454,403.73712,401.57343,8,0.033970389667250744,false
226,823.1242,857.2504,37,0.8853177304164414,true
356,701.2476,611.1625,31,0.22865165678712684,true
134,534.52594,888.82117,-8,0.7338527024422041,true
846,383.8252,27.083218,32,0.7406482493218564,false
994,561.9472,199.27031,29,0.1408542982038159,false
110,678.4117,254.6736,34,0.09571284143146819,true
251,546.93225,808.0938,5,0.09726618956647093,false
533,501.02847,579.3246,22,0.12978023556434326,false
258,734.5032,252.99663,27,0.5905492202248578,true
282,386.05292,805.95483,8,0.18898419706436909,false
165,221.071,332.35245,24,0.25870833346978106,false
999,928.73914,885.9,3,0.7894523120587997,false
118,248.79337,754.218,13,0.01386305233836882,true
921,369.89032,881.99786,18,0.5689099352144819,true
370,300.28702,867.6842,-1,0.09239256569700693,true
844,201.58774,72.65013,6,0.6121243572800421,false
344,997.6004,902.34393,20,0.23868696926975774,false
443,922.88324,245.64308,7,0.48222059427782304,false
273,59.352516,391.66074,5,0.9795354245887605,false
497,324.36108,482.5073,11,0.5399000549230334,false
453,819.9449,706.01544,33,0.19618300094620822,false
139,930.4765,984.19855,-4,0.38259327206706295,true
607,64.75192,871.216,-3,0.4510871495889155,false
493,478.57523,738.8806,17,0.48557785788487995,false
837,185.19748,98.24866,25,0.7764051952554581,false
632,563.5024,82.59112,14,0.37709327838539275,true
349,907.62213,700.0542,23,0.8812438166486428,false
315,826.70544,453.5724,18,0.9294832269850855,true
734,99.84839,321.10834,22,0.9847023256263823,true
219,318.73828,891.04785,-4,0.598397185273227,false
328,409.34998,655.58966,17,0.7317403963287672,true
666,914.0722,79.22548,41,0.69208227108393,false
638,736.9317,79.913795,17,0.8989017485506059,false
533,907.1208,987.3095,19,0.00279679064000371,false
30,799.82495,875.418,19,0.8469252784928317,true
739,168.38342,406.30197,-10,0.38237643842168734,true